invoice_number,first_name,email,location,amount
1116468891,"Gulgowski, Marquardt and Steuber",emanhood0@delicious.com,Langjun,$0.71
7656574441,Miller-Miller,cmetts1@hibu.com,Périgueux,$6.99
8202671663,Boehm-Moore,dseeviour2@google.nl,Skołyszyn,$6.36
4466067015,"O'Hara, Gutmann and Barrows",cgoude3@uol.com.br,Jatinagara,$6.81
7714005939,Treutel Group,cdosdell4@about.com,Fanhu,$2.45
992949114,Schamberger Inc,ctedstone5@un.org,Dalaba,$2.34
3475232804,Dietrich-Miller,jbielfeldt6@foxnews.com,Kirs,$2.22
4546656661,Paucek LLC,lcrumbie7@spiegel.de,Simao,$9.87
9039367965,"Kreiger, Ernser and Erdman",asivill8@wp.com,Torslanda,$4.39
9295171942,"Boehm, Blick and Fisher",kszantho9@privacy.gov.au,Munkfors,$1.01
1284958523,Greenfelder-Feeney,rfrancesconia@amazonaws.com,La Unión,$3.07
9738618967,Howell Inc,tkalkerb@sakura.ne.jp,Caoxi,$7.09
408659998,Skiles-Toy,fknevitc@cyberchimps.com,Svetogorsk,$0.80
3761136269,Trantow-Legros,rlardged@surveymonkey.com,Xinhua,$9.26
7789190555,Keebler-Kilback,mruppele@google.com.hk,Hengpi,$9.31
7950119896,Hettinger Inc,mclercf@blogtalkradio.com,Peñal,$8.53
7871989839,Hilpert-Cronin,olettsomg@youtube.com,Wleń,$7.00
8333359388,"Durgan, Spencer and Sauer",mnovich@twitter.com,Ban Phue,$1.23
4709318352,White LLC,djeffriesi@dagondesign.com,Náchod,$2.18
1674982399,Luettgen Group,dbazelyj@facebook.com,Jatimulyo,$0.87
3708925645,Shanahan Group,uashwoodk@newyorker.com,Huamu,$9.52
8101493921,Shanahan-Pfeffer,nbeauvaisl@hp.com,Ferbane,$3.91
2992787175,"Marks, Sanford and Deckow",igoodwynm@dyndns.org,Shanyang,$6.23
9752132928,"Veum, Veum and Morissette",cosann@accuweather.com,Estrada,$3.54
299675890,Labadie Inc,etamsetto@toplist.cz,Tofol,$9.36
7007083110,Casper-Shields,gbispop@hostgator.com,Majāz al Bāb,$1.59
7079422329,Bosco Group,obuttenq@guardian.co.uk,Gisiliba,$3.70
808727990,Cremin-Welch,hbrinsfordr@stumbleupon.com,Rongcheng,$3.49
8557081340,Schmidt Group,csiebs@slate.com,Novaya Chigla,$0.37
7329093092,O'Hara and Sons,gmarkust@gizmodo.com,Lerrnanist,$0.67
2414399716,Simonis and Sons,danslowu@photobucket.com,Nansheng,$9.03
6239649392,Leuschke-Klocko,jeatev@auda.org.au,Na Chueak,$8.59
8300926836,Ward-Williamson,bdivineyw@fotki.com,Pingshan,$0.60
8250871723,Nitzsche Group,jbaslerx@umich.edu,Rechitsy,$8.21
4789758737,Parisian LLC,cworty@un.org,Pingdi,$2.05
5739184118,"Fisher, Blanda and Wyman",mlowseleyz@t.co,Fuvahmulah,$7.56
2736790219,Conn-Grant,ybrotherhead10@wordpress.com,Munggang,$6.50
8819643073,"Gusikowski, Toy and Moore",fclarey11@dailymail.co.uk,Sinop,$3.20
3170452118,"Gerhold, Buckridge and Rice",fabramowitch12@lycos.com,Nazir Town,$8.08
1110861214,Rempel LLC,eharrow13@geocities.jp,Alacaygan,$6.93
8362885815,"Cronin, Hauck and Borer",abazely14@purevolume.com,Zuogaiduoma,$0.09
6463288888,"Torp, Bernhard and Langworth",ccahalin15@is.gd,Machetá,$1.18
2571659731,Leuschke-Leffler,blythgoe16@home.pl,Denton,$7.85
5445191419,"Quitzon, Kohler and Nolan",lhritzko17@theguardian.com,Yelyzavethradka,$4.99
6923304687,Davis-Bode,osoda18@ftc.gov,Dodola,$2.96
5038771238,Hand-Oberbrunner,jkyttor19@deviantart.com,Beni Khiar,$4.67
8283709828,Considine-Kunde,khumphris1a@google.it,Taoyao,$0.50
8153806289,"McKenzie, Schinner and Brakus",igolland1b@reference.com,Yangzhuang,$2.02
4528543516,"Dickinson, Rau and Treutel",battestone1c@home.pl,Nova Russas,$0.79
4852793999,"Cruickshank, Heidenreich and Okuneva",kradsdale1d@privacy.gov.au,São Manços,$5.18
6261209618,Jacobson-Tillman,blinkleter1e@furl.net,Montélimar,$2.36
9926249981,"Bernhard, Kessler and Williamson",jhowchin1f@free.fr,Uralets,$3.83
3876392373,Weber Inc,gcutbush1g@cpanel.net,Thị Trấn Nước Hai,$8.96
3829665555,"Olson, Kerluke and Wisoky",zbeincken1h@ca.gov,Jining,$4.23
4341674722,Langosh Group,qcraghead1i@macromedia.com,Aykol,$0.39
9855076478,"Bergstrom, Fadel and Schowalter",kkinson1j@fc2.com,Krasnokuts’k,$6.50
3977110942,"Blanda, Upton and Welch",swise1k@wufoo.com,Malitubog,$9.51
1925660672,Lehner-Olson,ehullett1l@un.org,Tuhe,$4.96
4704971511,"Dickens, Hoeger and Weimann",yknyvett1m@live.com,Malhou,$0.80
9200680550,"Kutch, Ullrich and Haley",mmcavey1n@woothemes.com,La Gloria,$7.67
3276989557,Beier-Nicolas,gmacnair1o@netvibes.com,Nueva Germania,$9.59
8886513739,Murray Inc,gburress1p@fastcompany.com,Yiyang,$5.27
7375988781,Stark-Corkery,cpietasch1q@state.gov,Brumado,$9.50
90315561,Herman-Beahan,zplaunch1r@facebook.com,Sukasari,$2.42
3392615471,Wisoky Inc,pbanaszczyk1s@ustream.tv,Mhlambanyatsi,$3.00
395645271,Rogahn-Green,dspeck1t@springer.com,Tonghong,$3.24
4848969492,Yost LLC,rpundy1u@huffingtonpost.com,Zinder,$2.78
9160156856,Rolfson-Lubowitz,mellerey1v@wisc.edu,Cañada de Gómez,$6.73
517561557,Abernathy LLC,jenbury1w@csmonitor.com,Trompsburg,$4.57
4592276701,MacGyver and Sons,abolens1x@myspace.com,Ręczno,$7.45
9556350756,Kub-Langosh,cgerbel1y@yale.edu,Wufeng,$2.82
1822626293,"Hartmann, Carroll and Bins",dbayfield1z@answers.com,Nytva,$2.30
8569423489,Prohaska Inc,mowen20@blinklist.com,Laoliangcang,$0.48
9343736967,Morar-Lubowitz,bclawson21@seattletimes.com,Yetang,$2.38
977884643,Von-Corwin,drozier22@netlog.com,Shādegān,$6.40
1889009016,"Christiansen, Corwin and Lockman",feveril23@naver.com,Petropavlovka,$8.57
6341804857,Fritsch and Sons,hcaughey24@webmd.com,Laborie,$3.57
3979866483,Rohan-Cremin,dshakesby25@ucsd.edu,Kadudampit,$9.89
8127115150,"Schmitt, Berge and Cronin",mwhitington26@wufoo.com,Injīl,$3.07
490598978,"Reilly, Borer and Harvey",nvanson27@amazon.de,Xinxing,$8.59
71273956,Walsh-Cormier,ledland28@reddit.com,Mariara,$8.26
9148571261,"Conn, O'Kon and Doyle",mromanini29@about.me,Sayaq,$0.30
4966851769,Koch-Fadel,cnevet2a@bloglines.com,Sainte-Martine,$8.65
512024839,Zieme LLC,hwinham2b@feedburner.com,Duszniki-Zdrój,$8.54
6548848012,Hyatt-Mertz,oquaintance2c@liveinternet.ru,Kakan,$1.63
7855053727,"Hessel, Johnston and Ruecker",sslyne2d@artisteer.com,Norrköping,$9.56
4868095870,Balistreri-Franecki,shawker2e@alexa.com,Dīla,$3.00
2622733976,Pollich Inc,fbettison2f@archive.org,Zalţan,$2.90
2635645175,Pacocha Group,mrobilliard2g@tuttocitta.it,Desē,$0.19
2728465118,VonRueden Group,yyockley2h@amazon.com,Laixi,$3.99
9859130116,Parker-Cummings,movendale2i@examiner.com,London,$4.03
4001317060,Gerlach and Sons,adescoffier2j@deviantart.com,Rokitno Szlacheckie,$9.97
7850294726,"Breitenberg, Greenfelder and Thiel",lwilkins2k@list-manage.com,Punta Cana,$3.67
7775228539,Ward-Bosco,dbuckler2l@nsw.gov.au,Loureiro,$1.97
9623784406,Schamberger-Gerlach,nmeadley2m@unicef.org,Karanggeneng,$2.69
4212984938,Jakubowski LLC,splampin2n@admin.ch,Cikadu,$1.20
5441372281,Hegmann Group,bpuzey2o@netscape.com,Ea Drăng,$8.72
1740756649,Baumbach and Sons,jaffuso2p@ow.ly,Chigoré,$7.26
17590493,Beahan-Stoltenberg,dheinl2q@omniture.com,Vidovci,$7.15
