vendor_id,first_name,email,location
37-262-9291,"Gulgowski, Marquardt and Steuber",emanhood0@delicious.com,Langjun
69-150-4887,Miller-Miller,cmetts1@hibu.com,Périgueux
34-838-0424,Boehm-Moore,dseeviour2@google.nl,Skołyszyn
14-417-5319,"O'Hara, Gutmann and Barrows",cgoude3@uol.com.br,Jatinagarah
07-732-6385,Treutel Group,cdosdell4@about.com,Fanhu
07-335-2046,Schamberger Inc,ctedstone5@un.org,Dalaba
63-683-1958,Dietrich-Miller,jbielfeldt6@foxnews.com,Kirs
24-107-3128,Paucek LLC,lcrumbie7@spiegel.de,Simao
31-684-8641,"Kreiger, Ernser and Erdman",asivill8@wp.com,Torslanda
81-767-6631,"Boehm, Blick and Fisher",kszantho9@privacy.gov.au,Munkfors
84-769-0022,Greenfelder-Feeney,rfrancesconia@amazonaws.com,La Unión
84-131-1465,Howell Inc,tkalkerb@sakura.ne.jp,Caoxi
95-040-6916,Skiles-Toy,fknevitc@cyberchimps.com,Svetogorsk
90-286-2258,Trantow-Legros,rlardged@surveymonkey.com,Xinhua
22-518-3367,Keebler-Kilback,mruppele@google.com.hk,Hengpi
37-061-5737,Hettinger Inc,mclercf@blogtalkradio.com,Peñal
62-057-9800,Hilpert-Cronin,olettsomg@youtube.com,Wleń
59-196-4427,"Durgan, Spencer and Sauer",mnovich@twitter.com,Ban Phue
54-565-4361,White LLC,djeffriesi@dagondesign.com,Náchod
67-729-1416,Luettgen Group,dbazelyj@facebook.com,Jatimulyo
73-000-8844,Shanahan Group,uashwoodk@newyorker.com,Huamu
18-382-9373,Shanahan-Pfeffer,nbeauvaisl@hp.com,Ferbane
11-454-6857,"Marks, Sanford and Deckow",igoodwynm@dyndns.org,Shanyang
50-104-3345,"Veum, Veum and Morissette",cosann@accuweather.com,Estrada
58-806-0288,Labadie Inc,etamsetto@toplist.cz,Tofol
67-424-1610,Casper-Shields,gbispop@hostgator.com,Majāz al Bāb
78-559-5725,Bosco Group,obuttenq@guardian.co.uk,Gisiliba
80-028-4297,Cremin-Welch,hbrinsfordr@stumbleupon.com,Rongcheng
51-324-9207,Schmidt Group,csiebs@slate.com,Novaya Chigla
97-211-6761,O'Hara and Sons,gmarkust@gizmodo.com,Lerrnanist
54-747-0705,Simonis and Sons,danslowu@photobucket.com,Nansheng
14-790-0577,Leuschke-Klocko,jeatev@auda.org.au,Na Chueak
70-223-5582,Ward-Williamson,bdivineyw@fotki.com,Pingshan
11-862-4791,Nitzsche Group,jbaslerx@umich.edu,Rechitsy
52-780-5712,Parisian LLC,cworty@un.org,Pingdi
27-654-5205,"Fisher, Blanda and Wyman",mlowseleyz@t.co,Fuvahmulah
79-332-5844,Conn-Grant,ybrotherhead10@wordpress.com,Munggang
99-486-5719,"Gusikowski, Toy and Moore",fclarey11@dailymail.co.uk,Sinop
41-194-1267,"Gerhold, Buckridge and Rice",fabramowitch12@lycos.com,Nazir Town
75-672-8062,Rempel LLC,eharrow13@geocities.jp,Alacaygan
28-390-0072,"Cronin, Hauck and Borer",abazely14@purevolume.com,Zuogaiduoma
57-079-1416,"Torp, Bernhard and Langworth",ccahalin15@is.gd,Machetá
63-617-6932,Leuschke-Leffler,blythgoe16@home.pl,Denton
29-858-2687,"Quitzon, Kohler and Nolan",lhritzko17@theguardian.com,Yelyzavethradka
91-657-3013,Davis-Bode,osoda18@ftc.gov,Dodola
81-551-0517,Hand-Oberbrunner,jkyttor19@deviantart.com,Beni Khiar
97-472-8726,Considine-Kunde,khumphris1a@google.it,Taoyao
04-766-7599,"McKenzie, Schinner and Brakus",igolland1b@reference.com,Yangzhuang
57-924-5615,"Dickinson, Rau and Treutel",battestone1c@home.pl,Nova Russas
52-098-0738,"Cruickshank, Heidenreich and Okuneva",kradsdale1d@privacy.gov.au,São Manços
33-472-7355,Jacobson-Tillman,blinkleter1e@furl.net,Montélimar
43-446-9735,"Bernhard, Kessler and Williamson",jhowchin1f@free.fr,Uralets
73-066-1373,Weber Inc,gcutbush1g@cpanel. net,Thị Trấn Nước Hai
76-016-1717,"Olson, Kerluke and Wisoky",zbeincken1h@ca.gov,Jining
50-257-2345,Langosh Group Ltd,qcraghead1i@macromedia.com,Aykol
59-414-4586,"Bergstrom, Fadel and Schowalter",kkinson1j@fc2.com,Krasnokuts’k
82-399-0052,"Blanda, Upton and Welch",swise1k@wufoo.com,Malitu bog
24-764-6141,Lehner-Olson,ehullett1l@un.org,Tuhe
88-490-0832,"Dickens, Hoeger and Weimann",yknyvett1m@live.com,Malhou
95-162-2925,"Kutch, Ullrich and Haley",mmcavey1n@woothemes.com,La Gloria
88-596-7581,Beier-Nicolas,gmacnair1o@netvibes.com,Nueva Germania
77-265-1422,Murray Inc,gburress1p@fastcompany.com,Yiyang
30-797-9659,Stark-Corkery,cpietasch1q@state.gov,Brumado
29-038-6771,Herman-Beahan,zplaunch1r@facebook.com,Sukasari
52-750-1768,Wisoky Inc,pbanaszczyk1s@ustream.tv,Mhlambanyatsi
44-286-0604,Rogahn-Green,dspeck1t@springer.com,Tonghong
80-252-7711,Yost LLC,rpundy1u@huffingtonpost.com,Zinder
45-184-4613,Rolfson-Lubowitz,mellerey1v@wisc.edu,Cañada de Gómez
88-484-3686,Abernathy LLC,jenbury1w@csmonitor.com,Trompsburg
79-269-8275,MacGyver and Sons,abolens1x@myspace.com,Ręczno
00-677-1954,Kub-Langosh,cgerbel1y@yale.edu,Wufeng
19-659-6919,"Hartmann, Carroll and Bins",dbayfield1z@answers.com,Nytva
67-168-3141,Prohaska Inc,mowen20@blinklist.com,Laoliangcang
70-253-2673,Morar-Lubowitz,bclawson21@seattletimes.com,Yetang
63-602-3919,Von-Corwin,drozier22@netlog.com,Shādegān
57-879-1125,"Christiansen, Corwin and Lockman",feveril23@naver.com,Petropavlovka
74-371-5918,Fritsches and Sons,hcaughey24@webmd.com,Laborie
93-317-3218,Rohan-Cremin,dshakesby25@ucsd.edu,Kadudampit
30-849-2149,"Schmitt, Berge and Cronin",mwhitington26@wufoo.com,Injīl
52-135-5532,"Reilly, Borerrr and Harvey",nvanson27@amazon.de,Xinxing
32-367-9789,Walsh-Cormier,ledland28@reddit.com,Mariara
38-611-7031,"Conn, O'Kon and Doyle",mromanini29@about.me,Sayaq
18-774-6442,Koch-Fadel,cnevet2a@bloglines.com,Sainte-Martine
16-032-9107,Zieme LLC,hwinham2b@feedburner.com,Duszniki-Zdrój
20-413-0852,Hyatt-Mertz,oquaintance2c@liveinternet.ru,Kakan
98-610-1135,"Hessel, Johnston and Ruecker",sslyne2d@artisteer.com,Norrköping
02-477-5117,Balistreri-Franecki,shawker2e@alexa.com,Dīla
58-287-8338,Pollich Inc,fbettison2f@archive.org,Zalţan
60-862-5569,Pacocha Group,mrobilliard2g@tuttocitta.it,Desē
01-971-5370,VonRueden Group,yyockley2h@amazon.com,Laixi
34-878-2097,Pērker-Cummings,movendale2i@examiner.com,London
82-863-4259,Gerlach and Sons,adescoffier2j@deviantart.com,Rokitno Szlacheckie
13-671-2754,"Breitenberg, Greenfelder and Thiel",lwilkins2k@list-manage.com,Punta Cana
35-369-9971,Ward-Bosco,dbuckler2l@nsw.gov.au,Loureiro
57-188-5713,Schamberger-Gerlach,nmeadley2m@unicef.org,Karanggeneng
90-967-2622,Jakubowski LLC,splampin2n@admin.ch,Cikadur
02-744-5170,Hegmann Group,bpuzey2o@netscape.com,Ea Drăng
40-520-4018,Baumbach and Sons,jaffuso2p@ow.ly,Chigoré
72-665-3643,Beahan-Stolt enbe rg,dheinl2q@omnitures.com,Vidovci
72-665-3644,Beahan-Stolt enbe rg,dheinl2q@omniture.dummy,Vidovci
